rut_paciente,nombre_completo,fecha_nacimiento,sexo,prevision,id_atencion,fecha_atencion,tipo_atencion,codigo_cie10,codigo_minsal,dosis_prescrita,alergia_principio,id_examen,codigo_examen,resultado_valor,unidad_medida,motivo_rechazo
15111296-0,Isidora Camila Fuentes Sepulveda,1965-09-22,F,NINGUNA,02ed6200-5e4f-40e9-b78d-cee9afcca6a4,2026-03-31 18:11:24,HOSPITALIZACION,I10,M005,200mg,Ninguna,23d7527e-ae2c-4864-9496-f590f41171ea,302047,64.32,mmol/L,RUT_DIGITO_INVALIDO
15200589-0,Ana Maria Gonzalez Diaz,2001-11-18,F,NINGUNA,814885f7-5c6c-4a68-9f7f-cef954345058,2024-01-14 18:11:24,HOSPITALIZACION,J00,M005,400mg,Ninguna,ca4f7eb8-7c50-4a02-bc26-69cc93d2a6ae,301001,130.04,U/L,RUT_DIGITO_INVALIDO
15712725-0,Juan Juan Rojas Silva,1998-04-28,M,CAPREDENA,b999580e-5d15-43d8-8d03-4599971cf74f,2025-08-12 18:11:24,URGENCIA,I10,M005,100mg,Ninguna,3e9b5a0b-467a-4bf8-91c7-6e3960499c7b,302076,59.76,mg/dL,RUT_DIGITO_INVALIDO
6813630-0,Jorge Felipe Tapia Sepulveda,1969-04-29,M,ISAPRE,41960e19-e46a-4bb2-898c-f2878d0867f5,2025-09-07 18:11:24,PROCEDIMIENTO,M54.5,M004,100mg,Ninguna,edab7512-dc5e-4eb7-8f0a-6d9adf35409b,301045,57.23,U/L,RUT_DIGITO_INVALIDO
10649276-0,Matias Gabriel Tapia Martinez,1952-08-29,M,NINGUNA,58a24b9d-867a-4b4e-99cb-27d469820a50,2025-10-03 18:11:24,HOSPITALIZACION,E11.9,M002,400mg,Ninguna,601329e8-f8a8-433b-b39a-6475ace93236,301045,51.61,mg/dL,RUT_DIGITO_INVALIDO
7040477-0,Tomas Matias Martinez Morales,1995-02-17,M,FONASA,24b12777-d2ce-49b4-ab44-cec1fcab459e,2024-09-04 18:11:24,PROCEDIMIENTO,M54.5,M003,200mg,Omeprazol,b5dadbbd-1479-4980-b92a-a74782be225e,302076,81.4,mg/dL,RUT_DIGITO_INVALIDO
9019271-0,Fernanda Sofia Silva Diaz,1960-04-26,F,ISAPRE,2f515b17-af01-46d4-8e41-3d1c0da34a90,2026-02-08 18:11:24,PROCEDIMIENTO,A09.9,M004,300mg,Ninguna,802af244-ccd5-4336-86e6-b687bd147df3,301045,60.69,mg/dL,RUT_DIGITO_INVALIDO
15056901-0,Isidora Sofia Torres Sepulveda,1972-06-25,F,CAPREDENA,409a87ff-fda6-4da3-b5ab-72e0a5c1cc26,2024-06-22 18:11:24,CONSULTA,K21.9,M003,300mg,Ibuprofeno,c9904ddf-74fb-42e2-8314-a0d329565179,301001,48.46,mmol/L,RUT_DIGITO_INVALIDO
12345678-9,Sofia Antonia Torres Gonzalez,2014-10-20,F,ISAPRE,b13f2648-07bb-48f2-b7ae-a225eda496c7,2024-06-19 18:11:24,CONSULTA,A09.9,M005,300mg,Ninguna,ae68b921-f6f1-4ef1-8a94-8555782f5960,302047,74.04,mg/dL,RUT_DIGITO_INVALIDO
12105048-0,Jorge Felipe Silva Contreras,1963-01-12,M,ISAPRE,a5d86296-eaea-4c51-af1e-5acb19c5fe72,2025-02-24 18:11:24,CONSULTA,ZZZ99,MED-FALSO,200mg,Ninguna,fecf6fcf-0e52-4913-b18e-627a1e79a763,302047,48.83,mmol/L,RUT_DIGITO_INVALIDO | CODIGO_CIE10_NO_EXISTE | CODIGO_MINSAL_FORMATO_INVALIDO
20424662-9,Roberto Gabriel Sepulveda Lopez,1995-08-23,M,CAPREDENA,eb491095-dd56-40bf-9764-2ace8bb56afa,2050-05-12 10:00:00,PROCEDIMIENTO,M54.5,M003,300mg,Ninguna,ec04937c-9842-4764-b483-de27123926fc,301045,107.77,U/L,FECHA_ATENCION_FUTURA
12540538-0,Tomas Roberto Rodriguez Lopez,1991-06-13,M,DIPRECA,9cdf26ae-27f9-42e9-b8f7-4439218ebd34,2025-02-07 18:11:24,PROCEDIMIENTO,A09.9,M001,200mg,Ninguna,c28095d7-bba5-4209-9cac-87511c7dd796,301004,16.61,mmol/L,RUT_DIGITO_INVALIDO
21609705-0,Jorge Felipe Martinez Martinez,1955-07-14,M,NINGUNA,04a72892-5524-4430-bc82-884cd58387ff,2023-08-29 18:11:24,HOSPITALIZACION,I10,M004,400mg,Ninguna,ba64c08e-9ee7-40a4-9d1c-09991b5bdc05,302076,51.14,U/L,RUT_DIGITO_INVALIDO
12584989-0,Isidora Camila Morales Hernandez,1969-05-10,F,ISAPRE,96ac25e9-ede8-48ad-aba5-c4a62ee1561d,2024-08-29 18:11:24,PROCEDIMIENTO,M54.5,M003,300mg,Ibuprofeno,6df921be-c349-4de5-b929-85456064dd60,301004,82.84,U/L,RUT_DIGITO_INVALIDO
8142778-0,Diego Luis Morales Contreras,2010-06-04,M,ISAPRE,3e40770f-fe3b-4b5a-a0c9-89ca1ffb8d9c,2025-06-27 18:11:24,CONSULTA,J00,M005,100mg,Ninguna,a1ecdfae-ee37-4092-bb8c-df2d051c5348,302076,18.94,mg/dL,RUT_DIGITO_INVALIDO
6080138-0,Diego Tomas Soto Contreras,1989-04-12,M,CAPREDENA,732f02b7-e694-4026-90f3-0d8e524922bf,2024-08-09 18:11:24,URGENCIA,I10,M001,200mg,Ninguna,7d079ffc-5412-4be1-8242-1069d4846b75,301045,125.59,U/L,RUT_DIGITO_INVALIDO
22398049-0,Antonia Javiera Martinez Morales,1960-05-10,F,ISAPRE,02738e5e-e96b-4c23-9aa6-c5ace795813b,2025-10-24 18:11:24,URGENCIA,I10,M003,100mg,Ninguna,79bf516b-d3b0-4aad-b0ca-20b499722ae8,301004,32.44,U/L,RUT_DIGITO_INVALIDO
23011319-0,Camila Javiera Contreras Morales,1991-11-25,F,NINGUNA,0c2fae79-87b3-43f6-af07-fc90cfa21437,2023-09-24 18:11:24,PROCEDIMIENTO,J00,M001,500mg,Ninguna,9a02fe2e-e694-481e-92af-7957466ce3f9,302047,78.29,mmol/L,RUT_DIGITO_INVALIDO
14971099-0,Antonia Camila Contreras Tapia,2002-11-19,F,NINGUNA,11ad7ded-5158-4571-ac3f-f650fedc6257,2026-01-06 18:11:24,URGENCIA,J00,M002,100mg,Ninguna,4e15401c-052b-4b17-a702-4b2272f1ca6a,302076,134.52,U/L,RUT_DIGITO_INVALIDO
9037267-0,Juan Felipe Gonzalez Rodriguez,1964-04-14,M,FONASA,b992bcb2-8360-42e8-961e-c077a2a08da8,2025-01-06 18:11:24,CONSULTA,I10,M003,500mg,Ninguna,4dc56b96-c3b5-401f-95c7-6ac1e2bbab49,301004,10.82,U/L,RUT_DIGITO_INVALIDO
8329910-0,Ana Daniela Martinez Fuentes,1969-03-12,F,FONASA,c310b906-b1e4-4aaa-b365-2a69e474c832,2024-04-12 18:11:24,URGENCIA,K21.9,M001,500mg,Ninguna,e7f2ebc0-a005-41d2-a142-bd17e42b228b,301004,58.0,U/L,RUT_DIGITO_INVALIDO
22724352-0,Carlos Jorge Perez Torres,2012-10-30,M,ISAPRE,2910c598-f86a-4ce4-9707-e32b744c5ccc,2025-02-26 18:11:24,CONSULTA,A09.9,M002,100mg,Ninguna,55057ea7-9bab-40f5-add3-9b47b96f6806,301001,50.91,mmol/L,RUT_DIGITO_INVALIDO
