rut_paciente,nombre_completo,fecha_nacimiento,sexo,prevision,id_atencion,fecha_atencion,tipo_atencion,codigo_cie10,codigo_minsal,dosis_prescrita,alergia_principio,id_examen,codigo_examen,resultado_valor,unidad_medida
13441273-9,Camila Fernanda Lopez Contreras,1946-09-03,F,ISAPRE,702f931d-86aa-42e5-8486-1311faaf2fb5,2025-08-14 18:11:24,PROCEDIMIENTO,J00,M002,100mg,Ninguna,fc7395dd-8371-4fad-8b2e-5c8f34968069,302047,99.88,mg/dL
15111296-0,Isidora Camila Fuentes Sepulveda,1965-09-22,F,NINGUNA,02ed6200-5e4f-40e9-b78d-cee9afcca6a4,2026-03-31 18:11:24,HOSPITALIZACION,I10,M005,200mg,Ninguna,23d7527e-ae2c-4864-9496-f590f41171ea,302047,64.32,mmol/L
22362568-1,Andres Diego Muñoz Diaz,1959-08-05,M,DIPRECA,9035258e-c8dc-43cb-bdd9-fa1944598973,2024-09-16 18:11:24,CONSULTA,J00,M004,100mg,Ninguna,0d5d2177-9d6a-40af-bd66-a9ed51a38bb3,302047,93.29,mg/dL
9695116-7,Javiera Isidora Martinez Morales,2017-03-22,F,CAPREDENA,c22cc698-16cd-428f-839b-094df2c52213,2025-05-22 18:11:24,CONSULTA,J00,M005,200mg,Losartan,d31003c8-0438-4d31-bdb1-4cf38b151a05,302076,121.43,mmol/L
16871384-3,Isidora Fernanda Rodriguez Fuentes,2012-06-06,F,CAPREDENA,0a2d7691-fdc7-4db7-9d79-97b79db186fb,2024-03-03 18:11:24,PROCEDIMIENTO,I10,M004,300mg,Ninguna,07c668f6-628c-4da0-acb9-f447c241febf,301001,82.7,mg/dL
22319190-8,Daniela Isidora Silva Silva,1951-11-04,F,FONASA,e0c9c001-1f15-4760-8b0f-12b2be554b7e,2025-11-02 18:11:24,HOSPITALIZACION,A09.9,M003,300mg,Ninguna,159a92f2-be30-400b-9dcf-cd18ca9feca6,302047,72.94,mmol/L
15430931-4,Javiera Josefa Morales Rojas,2018-08-11,F,DIPRECA,c69d4a5b-785b-497e-a7b1-c91026d66c91,2024-12-07 18:11:24,URGENCIA,I10,M003,200mg,Ninguna,05cd2021-eac9-45e4-8ed1-5073863dea89,301004,48.45,mmol/L
6112888-3,Fernanda Josefa Soto Hernandez,2007-06-14,F,NINGUNA,d6d17ff9-195f-43f4-903e-bd6e8d4c0bdb,2025-01-15 18:11:24,URGENCIA,J00,M003,500mg,Ninguna,383120ec-6710-4c52-9b4d-a29466f1267c,301001,53.52,mg/dL
6813630-0,Jorge Felipe Tapia Sepulveda,1969-04-29,M,ISAPRE,41960e19-e46a-4bb2-898c-f2878d0867f5,2025-09-07 18:11:24,PROCEDIMIENTO,M54.5,M004,100mg,Ninguna,edab7512-dc5e-4eb7-8f0a-6d9adf35409b,301045,57.23,U/L
10548359-7,Sofia Ana Torres Perez,1961-06-05,F,CAPREDENA,ecd45376-0710-43fb-a3b0-a9e730798fce,2025-07-28 18:11:24,CONSULTA,E11.9,M004,500mg,Paracetamol,97b03218-d76b-4007-b8e1-8ad41c3bc8e2,301045,28.86,mmol/L
11136227-0,Daniela Daniela Diaz Rodriguez,1994-12-24,F,NINGUNA,d0082454-49a6-4634-8a6f-a26dab6a7561,2024-10-11 18:11:24,HOSPITALIZACION,K21.9,M003,500mg,Ninguna,13165ca2-69af-4706-80b3-c4e15625ef50,302076,127.74,U/L
19468325-1,Javiera Antonia Diaz Soto,1979-04-27,F,DIPRECA,c46dd8d9-c20f-417c-8d6d-713236822cbe,2025-10-17 18:11:24,URGENCIA,J00,M002,100mg,Ninguna,57f51633-423f-4b80-b673-ab1472833cca,301045,36.91,mmol/L
7040477-0,Tomas Matias Martinez Morales,1995-02-17,M,FONASA,24b12777-d2ce-49b4-ab44-cec1fcab459e,2024-09-04 18:11:24,PROCEDIMIENTO,M54.5,M003,200mg,Omeprazol,b5dadbbd-1479-4980-b92a-a74782be225e,302076,81.4,mg/dL
9019271-0,Fernanda Sofia Silva Diaz,1960-04-26,F,ISAPRE,2f515b17-af01-46d4-8e41-3d1c0da34a90,2026-02-08 18:11:24,PROCEDIMIENTO,A09.9,M004,300mg,Ninguna,802af244-ccd5-4336-86e6-b687bd147df3,301045,60.69,mg/dL
15417500-8,Camila Sofia Hernandez Martinez,1978-01-14,F,ISAPRE,e56ca76a-d8f5-4685-8020-e915a275a854,2023-08-29 18:11:24,CONSULTA,E11.9,M002,400mg,Ninguna,26409405-b0d5-466d-bc72-857d74174e20,301045,104.22,mg/dL
15056901-0,Isidora Sofia Torres Sepulveda,1972-06-25,F,CAPREDENA,409a87ff-fda6-4da3-b5ab-72e0a5c1cc26,2024-06-22 18:11:24,CONSULTA,K21.9,M003,300mg,Ibuprofeno,c9904ddf-74fb-42e2-8314-a0d329565179,301001,48.46,mmol/L
16297750-4,Josefa Valentina Soto Rojas,1952-09-11,F,NINGUNA,30037c36-e538-415f-a7d7-bf521f820e48,2025-02-11 18:11:24,CONSULTA,K21.9,M004,100mg,Ninguna,77546e9d-9587-4e28-b98f-6e108dc5c68b,301001,81.61,U/L
5459681-2,Carlos Carlos Rojas Torres,1993-02-07,M,DIPRECA,01400c3b-89e9-46b2-9dca-2dfa3dd95a9c,2025-08-04 18:11:24,CONSULTA,E11.9,M004,200mg,Ninguna,80967e73-9025-4090-a5ef-b29d03c84bf3,301004,35.81,U/L
5010724-8,Matias Pedro Rojas Muñoz,1977-09-14,M,ISAPRE,0db4ff94-14a1-488b-9d69-21bb4add7c5a,2025-12-10 18:11:24,HOSPITALIZACION,M54.5,M001,500mg,Omeprazol,da4ea380-7e36-46f8-92fb-c6216f847300,301001,95.39,U/L
16658794-8,Jorge Gabriel Martinez Rodriguez,2008-01-14,M,CAPREDENA,e96024fe-ed6a-4888-8bfb-0ad242789681,2024-08-07 18:11:24,URGENCIA,J00,M003,500mg,Ninguna,072e6b4b-697c-4f6a-9cfc-fda99a56fe23,301045,61.04,mg/dL
13940547-1,Isidora Fernanda Perez Hernandez,1952-01-08,F,DIPRECA,28b053fc-53ef-466d-aff0-a989dd62064b,2025-09-11 18:11:24,HOSPITALIZACION,M54.5,M002,300mg,Amoxicilina,e7fcce8a-f741-49ff-aedd-6f1b5b76f638,301001,31.0,mmol/L
21025101-4,Jorge Diego Hernandez Soto,1957-08-27,M,FONASA,aad92a76-b378-43b2-902e-9725574ce2f4,2023-10-17 18:11:24,CONSULTA,I10,M003,200mg,Ninguna,d2ebf9d1-8a76-4ae3-9d4e-d6b78d706736,301001,143.42,U/L
12671339-8,Pedro Jorge Soto Gonzalez,2016-09-13,M,ISAPRE,84fbbf9f-7f3c-4fbe-8602-0e0a197f2547,2025-11-30 18:11:24,HOSPITALIZACION,I10,M005,300mg,Ninguna,f251027a-e0fb-4214-bb25-a2070281496c,302076,91.64,U/L
17708889-7,Sofia Antonia Morales Rodriguez,1966-04-21,F,DIPRECA,cf0324f8-bc41-4391-afbf-884389bafb0f,2023-10-18 18:11:24,HOSPITALIZACION,J00,M001,200mg,Ninguna,a8570b8d-c74a-416d-9b08-c40016dc02c9,302047,89.51,mg/dL
19338795-0,Matias Gabriel Tapia Gonzalez,1984-09-06,M,FONASA,fcb6658d-129f-4297-b7c2-fe2bc1dbb61f,2025-12-24 18:11:24,PROCEDIMIENTO,K21.9,M003,500mg,Ninguna,36137ad1-c17d-44be-a47b-eb13ac0e5586,301001,12.94,mmol/L
12345678-9,Sofia Antonia Torres Gonzalez,2014-10-20,F,ISAPRE,b13f2648-07bb-48f2-b7ae-a225eda496c7,2024-06-19 18:11:24,CONSULTA,A09.9,M005,300mg,Ninguna,ae68b921-f6f1-4ef1-8a94-8555782f5960,302047,74.04,mg/dL
20820883-7,Josefa Fernanda Rodriguez Diaz,1987-08-31,F,CAPREDENA,fbc2c684-f0d2-4c44-8f0d-6154e2e05e29,2026-01-30 18:11:24,PROCEDIMIENTO,I10,M001,500mg,Ninguna,5fb470a2-546e-4041-b82b-e757c95d840b,302076,95.37,U/L
12780145-2,Gabriel Luis Morales Gonzalez,2017-03-18,M,FONASA,234083b4-3b49-4e20-91c5-2fddadc2978f,2025-11-16 18:11:24,PROCEDIMIENTO,I10,M004,300mg,Ninguna,b44aa952-679d-4e61-b355-55757a99697b,302076,35.5,U/L
20084786-5,Isidora Isidora Perez Sepulveda,1994-09-01,F,FONASA,e24666ec-56b4-4b99-8486-c7fba1480546,2026-02-03 18:11:24,URGENCIA,K21.9,M004,400mg,Ninguna,07b2f1a4-c35b-415f-8b53-4bb10ef93dd8,302047,53.0,mmol/L
21062885-1,Pedro Carlos Sepulveda Silva,2006-05-05,M,CAPREDENA,17c40b3b-40b2-4e3d-b20c-21491aaeb768,2024-06-23 18:11:24,HOSPITALIZACION,A09.9,M004,300mg,Amoxicilina,6f1a25ee-c12c-4f41-bcfa-4d6fb9c31a33,302076,63.67,mmol/L
7191246-9,Roberto Jorge Gonzalez Fuentes,2015-07-04,M,CAPREDENA,72ce043f-bf11-4d49-b2c9-c1109ab21ca6,2026-05-08 18:11:24,PROCEDIMIENTO,E11.9,M004,500mg,Ninguna,0e05096e-b22b-4f82-ac2a-954619ce9769,301004,92.07,mmol/L
14821813-7,Juan Felipe Fuentes Rojas,1977-03-27,M,NINGUNA,9da2d3d5-a0eb-4d08-b273-6c496a761b68,2025-06-06 18:11:24,URGENCIA,M54.5,M002,200mg,Ninguna,3113b120-5748-4a27-b6e5-00497b39b0dc,302076,106.41,U/L
10286075-6,Maria Fernanda Rojas Rojas,1951-04-20,F,FONASA,755620c7-05fa-41ee-9d43-a488445b0dff,2025-09-08 18:11:24,PROCEDIMIENTO,A09.9,M001,300mg,Ninguna,4a285573-40d3-4e5c-bea3-ba993af40f80,301001,80.98,U/L
18554510-5,Juan Felipe Morales Martinez,2012-04-27,M,CAPREDENA,fc8b60f2-e637-4a2c-a208-6bb47b26d818,2025-01-15 18:11:24,HOSPITALIZACION,K21.9,M001,300mg,Ninguna,793b997c-02b8-466c-b063-29270ada8138,301001,84.06,U/L
18790327-0,Luis Matias Perez Gonzalez,1991-09-27,M,CAPREDENA,df63bebb-afc6-4c8c-80f1-f3f377d2dc31,2025-11-29 18:11:24,HOSPITALIZACION,I10,M005,400mg,Ninguna,45ed32e0-017c-4930-af99-bd5adb75d57a,302047,42.42,U/L
24276765-9,Matias Roberto Martinez Sepulveda,1988-09-14,M,CAPREDENA,080238ce-d375-471c-b1c5-bd9f626b2e47,2024-08-01 18:11:24,URGENCIA,I10,M005,400mg,Ibuprofeno,4e5d4c28-9b4e-46e9-84c1-8cb82d931178,301045,134.69,mg/dL
20087137-5,Matias Andres Rodriguez Hernandez,1969-11-06,M,DIPRECA,1bce6f6d-9638-4bbe-bc53-c726a6e861fc,2024-10-05 18:11:24,PROCEDIMIENTO,M54.5,M003,200mg,Ninguna,c0b2b397-cdb5-4187-a3f0-87af24a64186,301004,141.33,mmol/L
15385631-1,Maria Sofia Muñoz Rodriguez,1952-12-25,F,FONASA,28047ec7-fa02-4ed2-991e-74529e62be8f,2024-10-11 18:11:24,PROCEDIMIENTO,K21.9,M001,100mg,Ninguna,b9ca8fd2-53c2-4108-ac97-5ea6473f7e58,302047,84.96,mg/dL
21655399-3,Luis Andres Lopez Sepulveda,2016-03-31,M,FONASA,0c2f1326-962d-45e6-b4b1-bd0ca4ed2499,2024-02-15 18:11:24,URGENCIA,I10,M001,500mg,Ninguna,26828d4b-4e1f-4656-b1c4-96108a588955,302076,20.71,mmol/L
14458856-8,Sofia Isidora Contreras Diaz,2019-08-03,F,ISAPRE,f3af2f3f-be8b-48cc-9d34-e4b3526d50ef,2024-09-06 18:11:24,HOSPITALIZACION,M54.5,M004,100mg,Ninguna,0ec1e195-9374-44d6-874c-2332cb316b7a,301004,144.48,U/L
9012375-0,Sofia Maria Rojas Gonzalez,1969-08-16,F,CAPREDENA,c806c106-b60c-49a5-86b5-875928bdf9f5,2024-03-07 18:11:24,PROCEDIMIENTO,E11.9,M004,500mg,Ninguna,da27bbc1-1dd2-449b-9d13-a65b22e0bf27,301004,16.76,mg/dL
8608787-1,Roberto Gabriel Fuentes Rojas,1962-04-24,M,NINGUNA,dbe75067-8398-4add-9910-185eaf66df6d,2026-01-07 18:11:24,HOSPITALIZACION,A09.9,M005,300mg,Ninguna,d69ebb8c-278e-43f0-9aaf-c71d425babb2,301045,65.3,mg/dL
6632024-3,Diego Roberto Perez Martinez,1992-01-05,M,NINGUNA,20fda828-46d9-489d-b114-f7618955351b,2023-10-22 18:11:24,HOSPITALIZACION,M54.5,M003,200mg,Ninguna,baeef118-ff30-4053-a95d-cacf5c212260,302047,73.23,U/L
6298069-9,Matias Andres Hernandez Martinez,2001-09-27,M,CAPREDENA,60308f0a-a011-43c5-9978-981ac3d4e314,2024-04-20 18:11:24,URGENCIA,E11.9,M002,200mg,Losartan,69420ad0-6298-4ac6-8c44-ba031f9dbe40,301045,104.1,mmol/L
10215970-5,Luis Felipe Rojas Rojas,1946-07-25,M,CAPREDENA,f48bcd7c-5ce8-40d7-b067-6c564e6aa29b,2025-08-24 18:11:24,HOSPITALIZACION,K21.9,M004,300mg,Ninguna,5109a18e-cb3b-408a-9736-45c6ca35748f,302076,82.17,mg/dL
20424662-9,Roberto Gabriel Sepulveda Lopez,1995-08-23,M,CAPREDENA,eb491095-dd56-40bf-9764-2ace8bb56afa,2050-05-12 10:00:00,PROCEDIMIENTO,M54.5,M003,300mg,Ninguna,ec04937c-9842-4764-b483-de27123926fc,301045,107.77,U/L
11644197-7,Sofia Daniela Morales Diaz,1979-01-20,F,CAPREDENA,140d76a3-3a36-45b0-9595-9521a30536a7,2025-09-26 18:11:24,CONSULTA,E11.9,M004,500mg,Ninguna,ad41cba0-e22b-485c-890f-7f7243561bd2,301004,106.74,mmol/L
20214927-8,Matias Roberto Morales Lopez,1980-01-12,M,DIPRECA,e7714745-5845-44ff-a700-7359739d675a,2023-10-13 18:11:24,PROCEDIMIENTO,E11.9,M003,300mg,Ninguna,a0e90150-4a97-4f61-b706-400e3e820ede,301001,43.78,mg/dL
20079682-9,Valentina Valentina Lopez Soto,1996-02-11,F,NINGUNA,d7c0793e-b6fd-4de2-a46d-8b0db7c8dcce,2024-08-12 18:11:24,PROCEDIMIENTO,K21.9,M002,200mg,Ninguna,6558866b-7a17-406d-99d5-8468986e3126,302076,24.25,U/L
9057510-4,Josefa Josefa Morales Rodriguez,2010-03-25,F,DIPRECA,dda0ddf3-114e-49bf-bbe2-11ad9bdb5e3a,2024-01-01 18:11:24,PROCEDIMIENTO,J00,M005,300mg,Ninguna,fe3d4afd-6ab2-4e88-a97b-6778ebf501d9,301001,92.46,U/L
9720651-1,Matias Diego Lopez Silva,1965-10-20,M,ISAPRE,f3e5e80a-bd8a-418b-8bbe-d4de1c8d66e2,2025-02-14 18:11:24,PROCEDIMIENTO,J00,M002,400mg,Ninguna,4a8a402e-3101-4d27-aa0c-ea59ab66e002,301045,49.56,mg/dL
7306945-9,Camila Sofia Martinez Lopez,1959-10-30,F,ISAPRE,2606f3a5-ffa6-4b91-9f0c-1b4e7ee3406b,2025-11-19 18:11:24,CONSULTA,I10,M003,100mg,Ninguna,687473e2-c89a-4dfc-96a1-3d2310abe015,301045,92.8,mmol/L
10239686-3,Diego Andres Soto Torres,1977-07-05,M,DIPRECA,dc66cc6a-9d3b-4692-b54a-4b5030657802,2025-01-14 18:11:24,CONSULTA,M54.5,M001,300mg,Ninguna,8d21def7-78c8-47b5-b33c-bbd2ddd3728e,301001,132.56,mmol/L
14221214-5,Jorge Andres Morales Torres,1983-03-25,M,ISAPRE,f1831ad6-4fdc-4f00-a2cd-0da3a9afc058,2026-02-08 18:11:24,URGENCIA,I10,M002,500mg,Ninguna,da215c35-50ca-4eef-bc3b-17d2e7af1e77,301045,123.45,U/L
11876618-0,Carlos Luis Morales Rodriguez,1958-09-03,M,CAPREDENA,c0cd4495-4c8b-40dd-adfe-43e26aa4164a,2024-10-30 18:11:24,CONSULTA,K21.9,M004,400mg,Ninguna,5702023a-ea50-409e-9afa-50928686154c,302047,23.77,mmol/L
14584769-9,Tomas Andres Fuentes Torres,1996-06-16,M,FONASA,6de4866e-c3ea-4778-b232-9b75804e8781,2025-10-02 18:11:24,URGENCIA,I10,M002,400mg,Ninguna,a8348dc7-3aac-477e-891c-418ceeb4a326,301004,82.06,mg/dL
14378563-7,Isidora Ana Hernandez Hernandez,1948-03-08,F,FONASA,5492c26a-9151-4646-9fc7-f392403506a6,2025-04-25 18:11:24,HOSPITALIZACION,E11.9,M002,200mg,Ninguna,fd474391-456a-4138-9870-d8bc7e147e3b,302076,62.43,mg/dL
10485515-6,Pedro Carlos Sepulveda Muñoz,1984-09-30,M,ISAPRE,8d8ed520-9795-464d-9cda-c0ca4286d3dd,2023-12-01 18:11:24,PROCEDIMIENTO,K21.9,M002,500mg,Ninguna,9ff695c5-3354-44af-b690-65adf941ae54,302076,84.74,mg/dL
13938726-0,Tomas Carlos Hernandez Morales,1999-01-24,M,NINGUNA,2ddf1e3e-a83e-4ed0-b903-536b696b0189,2025-10-26 18:11:24,URGENCIA,A09.9,M003,100mg,Ninguna,ab60b58f-831b-4e1b-ba40-df247f441e8d,302047,91.07,U/L
8142778-0,Diego Luis Morales Contreras,2010-06-04,M,ISAPRE,3e40770f-fe3b-4b5a-a0c9-89ca1ffb8d9c,2025-06-27 18:11:24,CONSULTA,J00,M005,100mg,Ninguna,a1ecdfae-ee37-4092-bb8c-df2d051c5348,302076,18.94,mg/dL
20941613-1,Gabriel Matias Perez Silva,1957-05-04,M,DIPRECA,bcb17ca8-820e-4e69-9c7f-48ac47bf01c6,2025-09-08 18:11:24,CONSULTA,E11.9,M002,500mg,Ninguna,852d5d11-b873-4ef3-973d-20065e1c7167,302047,6.37,U/L
6080138-0,Diego Tomas Soto Contreras,1989-04-12,M,CAPREDENA,732f02b7-e694-4026-90f3-0d8e524922bf,2024-08-09 18:11:24,URGENCIA,I10,M001,200mg,Ninguna,7d079ffc-5412-4be1-8242-1069d4846b75,301045,125.59,U/L
5856501-6,Fernanda Daniela Silva Martinez,1971-10-19,F,CAPREDENA,83794592-c68f-4938-a21c-21b60677bafa,2023-12-23 18:11:24,PROCEDIMIENTO,J00,M005,400mg,Ninguna,2f2ef7ed-7dd6-460b-bd09-7025edf84157,302047,38.19,mg/dL
8811058-7,Juan Gabriel Soto Fuentes,1979-11-14,M,CAPREDENA,9a6d0071-c8cb-48c0-bca8-29714d058d17,2025-11-02 18:11:24,HOSPITALIZACION,I10,M001,100mg,Ninguna,2ec958c0-4e57-43c8-a6cb-4128612a7a13,301045,109.8,mg/dL
5381567-7,Tomas Diego Contreras Gonzalez,1989-04-21,M,CAPREDENA,41879a40-bc58-46a5-8f41-a54172707fe2,2025-10-13 18:11:24,HOSPITALIZACION,E11.9,M001,100mg,Amoxicilina,0bd48d74-3f56-4af8-b546-bc9008eafcd2,301004,71.99,mg/dL
15431770-8,Desconocido,1959-04-13,F,ISAPRE,dbe4a015-39b1-493b-ad0c-20dd74820aae,2024-05-23 18:11:24,HOSPITALIZACION,J00,M003,200mg,Ninguna,83cd98b6-11f0-4180-9d2f-c30f719b272b,301004,66.11,mg/dL
16597685-1,Andres Carlos Sepulveda Muñoz,1993-02-21,M,NINGUNA,2b55f8bd-32c6-4b47-8208-9e6324dc882b,2025-11-22 18:11:24,CONSULTA,K21.9,M005,400mg,Ninguna,b38867c4-08bf-4bd9-aafd-e56ef198c583,301001,146.18,mmol/L
8100841-8,Pedro Felipe Silva Torres,1992-09-10,M,NINGUNA,8997978d-08ce-48b5-886a-6f08882b7be0,2024-11-22 18:11:24,HOSPITALIZACION,A09.9,M004,100mg,Ninguna,88b802cf-f144-4a97-855d-f050d34bfce5,301045,6.65,mmol/L
20492626-3,Diego Juan Perez Morales,1980-08-16,M,FONASA,b08fe7ac-d2d7-4c50-9cb5-932ffd2d9191,2024-05-04 18:11:24,CONSULTA,I10,M005,500mg,Ninguna,c9d56191-00c8-44e6-86ee-5dc3a7486a3a,301004,37.14,mg/dL
23011319-0,Camila Javiera Contreras Morales,1991-11-25,F,NINGUNA,0c2fae79-87b3-43f6-af07-fc90cfa21437,2023-09-24 18:11:24,PROCEDIMIENTO,J00,M001,500mg,Ninguna,9a02fe2e-e694-481e-92af-7957466ce3f9,302047,78.29,mmol/L
15212746-4,Sofia Sofia Diaz Muñoz,1979-05-23,F,DIPRECA,a3840569-9597-4853-b12c-265092c06e08,2026-02-02 18:11:24,URGENCIA,E11.9,M005,100mg,Ninguna,7c3f60a2-9e79-4827-9653-45e7d7f33838,302076,66.56,mg/dL
12651288-0,Valentina Ana Perez Silva,2006-12-23,F,NINGUNA,ee690b18-9e87-4c67-8986-c9b997bb8625,2023-11-27 18:11:24,CONSULTA,J00,M005,100mg,Ninguna,7a0829ee-e9de-4625-91bd-c8133d24fcf4,302047,59.04,mg/dL
12859865-0,Maria Isidora Contreras Rojas,1971-09-23,F,ISAPRE,7b2f11a7-179a-4222-b21d-4516a2defa4c,2023-11-29 18:11:24,URGENCIA,I10,M003,500mg,Ninguna,c3bc2b83-3c37-4b07-a3c7-e69a1c2a87aa,302047,62.84,U/L
8053343-8,Maria Sofia Fuentes Diaz,2018-11-04,F,FONASA,70f83dbd-fd17-4589-b5f1-8455ce657621,2025-12-03 18:11:24,PROCEDIMIENTO,M54.5,M001,100mg,Ninguna,7eb38b39-c25c-4f22-86f5-8506ac40c440,301001,119.56,mg/dL
7967755-8,Sofia Maria Rodriguez Lopez,1983-10-17,F,ISAPRE,3e329c68-43e1-43a4-99a7-156a29656746,2023-10-08 18:11:24,URGENCIA,M54.5,M002,300mg,Ninguna,d1818c19-81ba-4c54-925a-29e63b36171f,301004,36.84,mmol/L
16240872-0,Fernanda Antonia Diaz Muñoz,1950-02-06,F,ISAPRE,88eb498d-7339-4226-a1e6-37e618fc8f14,2025-08-09 18:11:24,CONSULTA,E11.9,M001,500mg,Ninguna,980b4f54-a8f1-4167-a0f1-d9f7c4c7456e,302047,81.82,mmol/L
13507200-1,Isidora Javiera Martinez Lopez,1987-05-06,F,ISAPRE,d2c4cc64-022b-43f4-bb69-8fe75580b0d2,2023-10-24 18:11:24,PROCEDIMIENTO,A09.9,M004,400mg,Ninguna,5485f26d-63fc-4a64-8eea-712a1ae4b83c,301045,117.23,mg/dL
11837504-1,Roberto Carlos Gonzalez Fuentes,1993-01-17,M,DIPRECA,8f80105b-9295-4516-ac03-144c82ea1909,2025-08-24 18:11:24,URGENCIA,K21.9,M004,300mg,Ninguna,47efaf2d-a931-4e00-b0d6-c239e9d2b15e,301004,38.45,U/L
24180350-3,Pedro Diego Martinez Gonzalez,1988-01-06,M,CAPREDENA,6f63fd42-ee8b-48f4-84d3-1679bff8f603,2024-01-17 18:11:24,HOSPITALIZACION,J00,M003,300mg,Ninguna,fbba68cd-8cc8-4722-bd99-b161aa5c3876,301045,77.85,mmol/L
15625674-9,Juan Pedro Rojas Gonzalez,1994-07-27,M,ISAPRE,4c936633-68fc-4853-8c40-71fb69542fb3,2023-10-03 18:11:24,CONSULTA,J00,M003,500mg,Ninguna,4634ba48-5bf2-4733-891a-a469c4664697,301045,111.96,mg/dL
20522589-7,Tomas Gabriel Rodriguez Hernandez,2003-03-16,M,NINGUNA,53ab43ce-62d8-41cc-94bf-20069ea82e73,2023-11-18 18:11:24,URGENCIA,I10,M001,500mg,Ninguna,ea7a090c-2701-47ee-8931-cb0730f219af,301045,102.32,mmol/L
12260444-6,Diego Juan Hernandez Morales,1993-11-20,M,ISAPRE,0678e65f-9802-420b-8521-f5b57057b399,2024-01-13 18:11:24,URGENCIA,I10,M004,100mg,Ninguna,293e5d25-a660-4d7e-bd43-704ed2e68739,302047,21.72,U/L
5154184-7,Jorge Matias Silva Fuentes,1960-09-09,M,NINGUNA,dcab3d49-ce40-450e-9956-d5e2dc860caa,2024-05-23 18:11:24,PROCEDIMIENTO,K21.9,M003,400mg,Ninguna,086d0551-349d-4fe9-8053-b778d4946bb9,301045,142.04,mg/dL
21392508-3,Felipe Roberto Rojas Lopez,1994-07-19,M,ISAPRE,606281ab-517f-4778-a45d-be6c8a32de14,2024-12-27 18:11:24,CONSULTA,K21.9,M004,400mg,Ninguna,4572f9d4-657c-42f9-afcd-bbddd6027a47,301045,58.7,mg/dL
10422156-4,Matias Roberto Morales Lopez,1967-03-10,M,CAPREDENA,9113f002-ef32-48c8-91b9-73d3e65be9ce,2026-03-14 18:11:24,URGENCIA,J00,M003,300mg,Ninguna,f500f375-6750-4075-93dd-4e57ac682a26,302047,50.58,U/L
13708039-7,Luis Andres Soto Soto,1954-09-01,M,NINGUNA,c98c7f1f-2ec8-491e-ae05-76624e7443a8,2024-09-06 18:11:24,CONSULTA,A09.9,M003,500mg,Ninguna,fa9fd444-d380-436f-989b-a8086ab36f58,302047,83.25,mmol/L
20673925-8,Carlos Carlos Perez Lopez,1995-06-03,M,NINGUNA,b630d0ae-2e1e-4317-8ed1-6e6dcbe4b92d,2024-12-11 18:11:24,URGENCIA,I10,M005,100mg,Ninguna,b21aec3a-d797-49c3-b8d3-f2fb08f6b150,302076,100.88,U/L
24931033-6,Antonia Sofia Hernandez Sepulveda,1973-07-14,F,DIPRECA,492194f1-8581-4202-b49b-5917b9c576b1,2025-09-22 18:11:24,URGENCIA,E11.9,M003,300mg,Ninguna,cdfba221-d455-4efa-9a56-16b32c7af1e2,301045,29.92,mmol/L
12134174-3,Valentina Sofia Fuentes Silva,1981-01-09,F,CAPREDENA,99601a21-a6fc-462a-a7c6-4252c9b7bf59,2024-10-24 18:11:24,CONSULTA,J00,M005,500mg,Ninguna,539ee543-1030-49ff-bbc7-a1ccac79881d,301001,75.56,mmol/L
8720726-9,Diego Jorge Soto Hernandez,1963-09-15,M,ISAPRE,d485a342-d1d6-4b5d-81e2-4cec527b054d,2026-03-03 18:11:24,PROCEDIMIENTO,E11.9,M005,100mg,Ninguna,680202f5-5d50-4548-a381-00834aefd6ee,301004,65.35,U/L
9311200-8,Juan Andres Sepulveda Torres,1980-11-28,M,CAPREDENA,98c4247e-b07f-46ab-8119-549e6b8db05c,2024-07-19 18:11:24,URGENCIA,A09.9,M004,400mg,Ninguna,1cb89a55-d157-4213-8e68-6124f1365201,301001,50.31,U/L
24951279-6,Daniela Daniela Fuentes Tapia,1979-02-09,F,DIPRECA,e06d89ba-0f47-4874-be30-bc86372d57f9,2024-03-04 18:11:24,CONSULTA,I10,M002,100mg,Ninguna,753d5a7d-ca55-4980-b338-e9775f20f63c,301045,76.39,mg/dL
14971099-0,Antonia Camila Contreras Tapia,2002-11-19,F,NINGUNA,11ad7ded-5158-4571-ac3f-f650fedc6257,2026-01-06 18:11:24,URGENCIA,J00,M002,100mg,Ninguna,4e15401c-052b-4b17-a702-4b2272f1ca6a,302076,134.52,U/L
9236079-2,Diego Matias Fuentes Lopez,2017-12-26,M,DIPRECA,83383676-9433-4477-b3c6-a49c484e08af,2025-11-16 18:11:24,PROCEDIMIENTO,I10,M001,500mg,Ibuprofeno,2ed4b4b1-7027-44c5-92fd-976e712c37bb,301004,83.41,U/L
7793215-1,Maria Ana Martinez Perez,1989-07-17,F,FONASA,773eb0e3-8d1d-486e-bea1-29f2620d8f52,2024-10-31 18:11:24,CONSULTA,K21.9,M005,200mg,Ninguna,3017f6f9-ab72-4a82-83e6-36dfe7468575,301004,59.65,mg/dL
10719605-6,Tomas Felipe Fuentes Fuentes,1948-03-12,M,ISAPRE,d53accff-c727-42b2-8e84-e060f0e7a9ec,2025-01-11 18:11:24,CONSULTA,J00,M003,500mg,Ninguna,979bda74-170f-4006-8b5b-e833aeabcb08,301045,56.75,U/L
9037267-0,Juan Felipe Gonzalez Rodriguez,1964-04-14,M,FONASA,b992bcb2-8360-42e8-961e-c077a2a08da8,2025-01-06 18:11:24,CONSULTA,I10,M003,500mg,Ninguna,4dc56b96-c3b5-401f-95c7-6ac1e2bbab49,301004,10.82,U/L
23622076-1,Daniela Sofia Fuentes Lopez,1981-03-22,F,ISAPRE,23eedf06-9dcd-4f76-89f5-f1dd07122c02,2026-05-02 18:11:24,URGENCIA,A09.9,M002,500mg,Losartan,13d3821f-1e3f-4124-990c-34555c30ca1e,302076,73.46,mg/dL
8329910-0,Ana Daniela Martinez Fuentes,1969-03-12,F,FONASA,c310b906-b1e4-4aaa-b365-2a69e474c832,2024-04-12 18:11:24,URGENCIA,K21.9,M001,500mg,Ninguna,e7f2ebc0-a005-41d2-a142-bd17e42b228b,301004,58.0,U/L
12726639-5,Tomas Felipe Rodriguez Sepulveda,1947-04-04,M,CAPREDENA,fb26b89a-a17f-4f51-a9d0-205721569aea,2025-02-21 18:11:24,CONSULTA,J00,M004,300mg,Ninguna,ec0aaa58-f45d-41a2-a21c-8d2e3ff7e11a,301045,9.71,mg/dL
18958861-5,Sofia Valentina Muñoz Torres,2019-02-13,F,FONASA,dbde5ca5-4a34-4cc5-a04a-68bc1a9ed8cc,2023-12-06 18:11:24,CONSULTA,J00,M003,500mg,Ninguna,2b918cde-a89e-46cd-a37f-40595dbd47d2,301004,22.58,mg/dL
5998237-0,Josefa Sofia Soto Sepulveda,1970-04-05,F,ISAPRE,3b35925e-aeb4-4394-8fd6-900cd7a5657c,2025-02-11 18:11:24,CONSULTA,K21.9,M001,300mg,Ibuprofeno,c74f4cbf-23b7-41cc-bab5-099793a47d49,302076,113.32,mmol/L
18994423-3,Javiera Fernanda Gonzalez Rojas,1996-03-23,F,FONASA,563641f8-b9ae-4f6a-926f-00cc92cfd345,2024-02-02 18:11:24,PROCEDIMIENTO,K21.9,M005,500mg,Ninguna,fbd55311-9e4c-4c40-b0d1-02c750c4dabd,301001,32.67,mmol/L
18891497-7,Luis Felipe Lopez Diaz,1973-05-13,M,ISAPRE,bddd2b08-6381-4bde-8959-f5bfbfa18fad,2023-09-20 18:11:24,PROCEDIMIENTO,A09.9,M004,400mg,Ninguna,e0868728-224c-4b03-bef0-2d5a9032e10f,302047,82.77,mg/dL
10925070-8,Isidora Daniela Perez Silva,1982-02-20,F,DIPRECA,cbd585d3-a18a-4714-b560-ecc16d080684,2023-09-23 18:11:24,URGENCIA,J00,M002,400mg,Amoxicilina,ef91fc03-d8ff-43f9-9652-d867c6842cf2,302047,66.78,mmol/L
17381740-1,Gabriel Matias Tapia Tapia,1984-02-14,M,FONASA,61c111c0-4baa-4a42-8448-2421b6a8d6d7,2024-11-15 18:11:24,PROCEDIMIENTO,E11.9,M003,400mg,Ninguna,d477f601-0e8f-4250-b49f-334b45216e45,302047,11.38,mg/dL
5794357-2,Andres Juan Diaz Rojas,2010-12-12,M,NINGUNA,dcb09dab-379a-4341-a058-9c7bafda7bab,2025-06-06 18:11:24,CONSULTA,M54.5,M005,400mg,Ninguna,7a25ef4f-6d57-4953-8e6b-685a274f83ce,302047,137.86,U/L
22099038-9,Jorge Roberto Torres Muñoz,1992-04-20,M,DIPRECA,a5d459de-40d4-4a91-a6f7-e5df9a3d0538,2024-02-13 18:11:24,HOSPITALIZACION,J00,M002,500mg,Ninguna,1c32967f-8034-4a29-9224-422dd33934bd,301001,108.14,mg/dL
24884790-5,Tomas Jorge Gonzalez Hernandez,1985-11-28,M,CAPREDENA,88119f96-fb33-49ec-8d97-6de26c2676d8,2025-06-16 18:11:24,PROCEDIMIENTO,E11.9,M003,300mg,Ninguna,453169ea-8c66-4a11-8916-f899f293a9c2,301004,47.63,mg/dL
23064266-4,Sofia Maria Muñoz Gonzalez,2016-03-02,F,CAPREDENA,78e7e9a4-e275-497e-9b27-57d10b86a439,2024-05-21 18:11:24,PROCEDIMIENTO,A09.9,M004,100mg,Ninguna,26040267-04dd-4ab4-bc74-b3c2ebd181a8,301001,141.37,U/L
22319190-8,Daniela Isidora Silva Silva,1951-11-04,F,FONASA,2c7b5e54-1008-4466-b31c-4fc02e63dbfd,2024-09-18 18:11:24,CONSULTA,E11.9,M004,200mg,Amoxicilina,9a135cac-df7a-4fcb-8d04-e08743979f68,301001,8.07,mg/dL
22988055-1,Luis Roberto Muñoz Rodriguez,2019-05-10,M,CAPREDENA,9467c02a-f5b6-4f88-9c06-6b97dae6ef73,2025-04-18 18:11:24,CONSULTA,E11.9,M005,400mg,Ninguna,e54c059f-a931-4dc9-a80a-3ee719419254,301001,41.08,mg/dL
19513945-8,Carlos Matias Fuentes Rojas,2005-08-22,M,DIPRECA,808185bd-dc57-4b91-b2fb-1efe058ee2d3,2024-03-18 18:11:24,PROCEDIMIENTO,I10,M004,500mg,Omeprazol,258b6f16-c7c5-4f74-b3af-f05cab32cb16,302047,51.62,mg/dL
23209215-7,Tomas Felipe Sepulveda Torres,1991-09-15,M,DIPRECA,64e17b8c-be3f-49ce-9449-5a40daf8c117,2024-03-05 18:11:24,PROCEDIMIENTO,I10,M003,200mg,Ninguna,3b8bc346-2edf-4d6e-be2b-511aee861f53,302047,138.0,mmol/L
10438463-3,Matias Luis Gonzalez Gonzalez,1977-08-08,M,NINGUNA,3c19275d-9c94-44e9-b4be-b5b0a8305562,2024-09-02 18:11:24,PROCEDIMIENTO,M54.5,M003,300mg,Ninguna,18299452-645d-4e8f-8bfa-51e50db1ffea,302047,5.26,mmol/L
24164760-9,Carlos Gabriel Lopez Morales,1981-11-26,M,DIPRECA,bf0c34b9-c844-4815-af09-067f475de77d,2024-12-04 18:11:24,PROCEDIMIENTO,M54.5,M004,300mg,Ninguna,0af9cf76-4820-4665-b102-403c73ee7b49,302076,73.35,mmol/L
22724352-0,Carlos Jorge Perez Torres,2012-10-30,M,ISAPRE,2910c598-f86a-4ce4-9707-e32b744c5ccc,2025-02-26 18:11:24,CONSULTA,A09.9,M002,100mg,Ninguna,55057ea7-9bab-40f5-add3-9b47b96f6806,301001,50.91,mmol/L
15739296-4,Roberto Andres Torres Rodriguez,1993-08-04,M,CAPREDENA,46377af6-9849-4a35-8ce9-e783084b6e79,2024-01-12 18:11:24,HOSPITALIZACION,K21.9,M003,400mg,Ninguna,316c9b78-9910-4e60-958e-2526d61e91a1,301045,149.91,U/L
17359939-0,Pedro Diego Lopez Perez,1968-01-27,M,ISAPRE,b60ce62e-8bb7-4471-8e15-3c246e0844cf,2025-08-14 18:11:24,CONSULTA,A09.9,M003,400mg,Ninguna,4e825fdd-7854-41de-9032-e5b9b387a98d,301004,84.58,mg/dL
11476781-6,Ana Isidora Gonzalez Perez,1946-11-22,F,ISAPRE,a6173f8b-9196-4d72-bbfa-13302ee2e9c8,2023-12-10 18:11:24,CONSULTA,J00,M002,400mg,Ninguna,6fe807b2-b3a3-4305-bd00-e86e9071af02,301045,20.75,mg/dL
15194462-0,Jorge Andres Gonzalez Perez,1978-05-15,M,DIPRECA,ade5aec6-8ba9-4676-874c-bdcfb337f92c,2025-02-01 18:11:24,URGENCIA,E11.9,M003,500mg,Amoxicilina,4c33118e-4c97-46a5-a01c-8003c3a2f632,301045,133.11,mg/dL
17098559-1,Felipe Juan Tapia Martinez,2005-02-03,M,ISAPRE,d58aaead-2c84-43c2-8ebb-2f907b0fb91b,2024-02-10 18:11:24,URGENCIA,E11.9,M003,200mg,Ninguna,6c4e21f9-3e49-41b9-9d9a-4188988591d4,302076,119.04,mmol/L
6885912-3,Fernanda Isidora Silva Rodriguez,2007-03-21,F,NINGUNA,a8b801d6-889a-4f85-862b-037eb8175f02,2025-02-03 18:11:24,HOSPITALIZACION,K21.9,M001,500mg,Ninguna,f4ddebfd-3f32-406b-8973-5a39cc2b0ec2,302047,61.87,mg/dL
12308817-4,Carlos Felipe Fuentes Rodriguez,1993-10-01,M,FONASA,945b5838-a508-4260-8cc0-b3ce03df5eec,2023-11-03 18:11:24,HOSPITALIZACION,K21.9,M005,500mg,Amoxicilina,cd1713ec-1fdf-4feb-aca0-d01646b993ee,302076,137.03,mmol/L
10086581-5,Roberto Carlos Contreras Fuentes,2001-04-02,M,FONASA,4411a82a-2105-4d8d-a9c9-fbd7b3cb1089,2026-01-24 18:11:24,HOSPITALIZACION,E11.9,M005,100mg,Ninguna,fad948f2-3110-4f33-a751-1232918b2ae7,301001,9.13,mmol/L
17615791-7,Camila Antonia Martinez Soto,2008-04-18,F,ISAPRE,7e1793b3-fd44-41d3-b75a-72923561757d,2024-03-11 18:11:24,URGENCIA,K21.9,M004,300mg,Ninguna,5896732b-776f-4f43-8285-ccb16aad7213,302076,92.69,mg/dL
22071407-1,Juan Diego Torres Martinez,1979-12-11,M,NINGUNA,b4642b22-c204-4ea1-90b6-84c7243a86d9,2026-01-25 18:11:24,CONSULTA,A09.9,M003,200mg,Ninguna,68c5b098-5843-4583-a546-84e2d7bb989c,302076,95.69,mmol/L
18625342-6,Roberto Juan Tapia Tapia,2018-12-10,M,DIPRECA,442976fd-bcab-4e5f-9763-359b5baabf2f,2023-12-12 18:11:24,CONSULTA,A09.9,M003,300mg,Paracetamol,7b8f4c65-637b-4ffc-a836-ef6ecd1117cb,302047,37.35,mmol/L
20179547-8,Sofia Fernanda Contreras Soto,2017-08-26,F,ISAPRE,90e2130f-8cdf-4203-a2b3-3e8a47013c8e,2024-03-10 18:11:24,HOSPITALIZACION,A09.9,M005,500mg,Ninguna,1fdb8502-a3f1-4b78-a152-58a329e0ea7d,301001,61.41,U/L
15200589-0,Ana Maria Gonzalez Diaz,2001-11-18,F,NINGUNA,814885f7-5c6c-4a68-9f7f-cef954345058,2024-01-14 18:11:24,HOSPITALIZACION,J00,M005,400mg,Ninguna,ca4f7eb8-7c50-4a02-bc26-69cc93d2a6ae,301001,130.04,U/L
17041878-6,Tomas Diego Martinez Lopez,1967-02-23,M,DIPRECA,4728eff9-0e37-4ab5-bd13-3cdcdca95b19,2025-07-27 18:11:24,PROCEDIMIENTO,K21.9,M004,300mg,Ninguna,4398e9a8-ea21-4e26-9830-30a6d4b46f19,302076,43.91,mg/dL
17370959-5,Ana Camila Martinez Gonzalez,2018-11-03,F,FONASA,24e529c1-9107-4ab5-b49f-09ce515d7ab7,2024-11-29 18:11:24,HOSPITALIZACION,M54.5,M001,400mg,Ninguna,a6ec1ffe-6b50-47c1-9b7b-616070268b07,302076,100.33,U/L
15712725-0,Juan Juan Rojas Silva,1998-04-28,M,CAPREDENA,b999580e-5d15-43d8-8d03-4599971cf74f,2025-08-12 18:11:24,URGENCIA,I10,M005,100mg,Ninguna,3e9b5a0b-467a-4bf8-91c7-6e3960499c7b,302076,59.76,mg/dL
24557239-5,Gabriel Felipe Soto Fuentes,1999-07-15,M,ISAPRE,3b04ab4a-156c-4677-8f50-dcc0b8b5eb40,2024-04-09 18:11:24,HOSPITALIZACION,M54.5,M001,200mg,Ninguna,580b34ac-1da1-40de-b7e4-6c07954759f5,301001,116.13,mg/dL
18167622-1,Fernanda Sofia Silva Torres,1995-11-26,F,CAPREDENA,3944caf1-0d55-4b1b-b0fe-ef42f8ce5642,2023-12-22 18:11:24,CONSULTA,M54.5,M003,200mg,Ninguna,99a52a87-bbab-4970-9f57-7a3735495f29,302076,118.75,mmol/L
17386694-1,Antonia Javiera Morales Gonzalez,1986-12-15,F,CAPREDENA,55a06421-b597-49d4-b731-fbee1dacff2f,2023-09-15 18:11:24,HOSPITALIZACION,I10,M001,300mg,Omeprazol,55711bc5-04f9-49c5-b0fc-32ce6e6701b5,302076,47.06,U/L
15068110-3,Andres Jorge Fuentes Perez,1965-04-10,M,NINGUNA,a340ec30-cd08-4a3b-b8d1-8b5a2a3359f3,2026-03-31 18:11:24,URGENCIA,K21.9,M001,500mg,Ninguna,89c64a8f-ae46-41a8-8aa5-4efe09668ec1,301045,60.1,mg/dL
7525631-0,Isidora Fernanda Rodriguez Contreras,2017-03-29,F,DIPRECA,9ef9a5d4-2dfd-4e32-8c9a-18f2f1064eed,2024-10-05 18:11:24,HOSPITALIZACION,E11.9,M003,200mg,Ninguna,c6e4dfae-700d-4914-b8f9-fb53a459cf4c,301045,35.41,mmol/L
10649276-0,Matias Gabriel Tapia Martinez,1952-08-29,M,NINGUNA,58a24b9d-867a-4b4e-99cb-27d469820a50,2025-10-03 18:11:24,HOSPITALIZACION,E11.9,M002,400mg,Ninguna,601329e8-f8a8-433b-b39a-6475ace93236,301045,51.61,mg/dL
19847516-5,Fernanda Ana Lopez Silva,1970-01-05,F,NINGUNA,12f3973e-e7ba-4ff6-9358-f245600f9405,2024-12-17 18:11:24,CONSULTA,K21.9,M003,100mg,Omeprazol,294ed26b-b095-4e28-a497-bb726ddbdfe6,301045,14.29,U/L
9474174-2,Camila Maria Morales Tapia,1996-03-29,F,ISAPRE,error-huerfano-123456789,2026-04-19 18:11:24,HOSPITALIZACION,K21.9,M005,300mg,Ninguna,5616ec33-d3c7-4e44-811c-24a0857417d0,301004,103.07,U/L
12907099-4,Jorge Gabriel Sepulveda Rojas,1956-02-27,M,DIPRECA,4ff19bbc-ce5a-4587-9362-0fd95fb5e73a,2024-11-09 18:11:24,PROCEDIMIENTO,J00,M005,400mg,Ninguna,e89dbdaf-4d68-47c6-b92d-66c538d9f5bd,302076,30.64,mmol/L
17596182-8,Jorge Matias Lopez Rojas,1950-10-07,M,FONASA,50ba1819-a18e-4ab8-911f-b709a82beb48,2024-01-22 18:11:24,PROCEDIMIENTO,M54.5,M002,200mg,Ninguna,795a0591-02d9-42e7-b086-93efc166bb96,302076,100.54,U/L
17145809-9,Daniela Valentina Silva Rojas,1984-02-09,F,DIPRECA,6e50ca63-4256-4b1c-9bbb-63549a7e4eba,2025-02-11 18:11:24,PROCEDIMIENTO,J00,M002,500mg,Ninguna,1d0da1ae-e17e-4755-8f6f-e65ffebafc0e,302047,43.24,mmol/L
15474143-7,Ana Sofia Soto Rodriguez,2017-09-10,F,CAPREDENA,1d2fd8c1-4224-4fa6-9bdc-4443891cc2c1,2025-10-28 18:11:24,URGENCIA,A09.9,M002,200mg,Ninguna,4588a8ed-aff4-4fa6-a3da-de2e879ca21b,302047,119.2,mg/dL
15667779-5,Antonia Camila Hernandez Rodriguez,1948-02-16,F,DIPRECA,d974e61c-1a0d-46ad-826a-1268aae49085,2024-03-14 18:11:24,CONSULTA,I10,M002,300mg,Ninguna,5977148c-8c09-4be8-b925-85a16daf0222,301045,84.49,mmol/L
15280634-5,Gabriel Tomas Torres Muñoz,2007-10-25,M,NINGUNA,09501d79-d1e5-4e78-86b6-44aac28f7f29,2025-06-14 18:11:24,URGENCIA,K21.9,M004,500mg,Ninguna,a34ff737-56e6-4aca-ba3c-860f725bcb57,302047,46.22,mmol/L
10753690-6,Daniela Valentina Diaz Martinez,1968-10-02,F,DIPRECA,740c61c5-b5e9-49b7-a571-be351d963350,2024-08-09 18:11:24,PROCEDIMIENTO,E11.9,M001,400mg,Ninguna,82b8e69a-2ac6-4d88-ac78-579b5d2f35c8,301004,83.04,U/L
5512525-2,Maria Javiera Gonzalez Tapia,1983-03-18,F,CAPREDENA,4ff575bd-22d2-4b62-9403-7139b6dac47a,2025-11-04 18:11:24,URGENCIA,M54.5,M002,200mg,Ninguna,c9282d23-e3b2-44b8-8249-76cfa9e46e63,301001,47.44,mg/dL
17702083-4,Roberto Diego Torres Rojas,2020-08-07,M,FONASA,508d8c4e-d9ed-4be6-9755-8c20bb255427,2024-05-20 18:11:24,CONSULTA,J00,M002,400mg,Ninguna,a68c3f41-9653-4568-921c-2ca424f0a70a,301004,8.08,U/L
8211586-2,Maria Ana Martinez Diaz,1997-06-19,F,DIPRECA,7c0fdff7-95e7-4feb-8911-4cf917509de3,2026-02-10 18:11:24,URGENCIA,E11.9,M001,400mg,Ninguna,c266e286-6b7e-4921-9eeb-006f9b5bc2f1,301004,13.1,mg/dL
16532683-0,Pedro Matias Gonzalez Sepulveda,1959-04-22,M,DIPRECA,ff8044fb-ee86-463f-8aa7-bf969351c7ab,2024-10-17 18:11:24,HOSPITALIZACION,M54.5,M002,400mg,Ninguna,dcc88709-20c7-416e-bd04-85d2722a1da4,301004,109.56,U/L
10139009-8,Jorge Matias Fuentes Fuentes,1957-04-11,M,DIPRECA,bcac8a58-199e-4eb9-a5df-682a61251071,2023-09-12 18:11:24,HOSPITALIZACION,K21.9,M001,100mg,Ninguna,c9801f21-1827-444b-acbe-47c68dbe8b61,302076,125.41,mmol/L
14873291-4,Ana Ana Lopez Contreras,1987-01-10,F,NINGUNA,d1ad4da5-6c97-47cd-9869-717bf788e000,2026-04-22 18:11:24,PROCEDIMIENTO,M54.5,M004,500mg,Ninguna,c7c5c8dc-076d-40be-8735-b9543c60f4ee,301004,79.11,mmol/L
20994126-0,Pedro Jorge Fuentes Diaz,1997-12-13,M,NINGUNA,54bf65de-f3a8-4d6a-86bb-dd8f5f21f2ec,2026-02-15 18:11:24,PROCEDIMIENTO,A09.9,M001,300mg,Ninguna,d6551468-c9a3-47fc-b791-2489585ac7b0,302076,42.14,mmol/L
9940596-1,Luis Pedro Torres Tapia,1960-01-25,M,CAPREDENA,423131e5-bf6b-4e44-9ecf-8e6949142c36,2023-08-15 18:11:24,URGENCIA,K21.9,M001,200mg,Ninguna,6ef063e5-4b42-4b73-adb5-710aa080b0f7,302076,137.28,mmol/L
15431439-3,Gabriel Jorge Hernandez Morales,2014-05-21,M,CAPREDENA,b0169d4c-bd51-40b6-994c-dbd82553de7f,2024-06-01 18:11:24,URGENCIA,I10,M005,100mg,Ninguna,85dd0bf0-6afb-4ffa-a857-27f5912774ea,302076,48.65,mg/dL
13981986-1,Andres Roberto Contreras Rodriguez,1954-06-10,M,ISAPRE,28647c14-efdb-4000-b405-8f07dbf54768,2024-12-06 18:11:24,URGENCIA,I10,M002,100mg,Ninguna,2e55bb84-e27f-42ac-8a70-4aac2d1703f7,302047,36.98,mmol/L
23141030-9,Javiera Sofia Fuentes Sepulveda,1997-01-29,F,CAPREDENA,f841a0f1-ef52-45fa-8088-5ae2ed29e476,2026-03-06 18:11:24,CONSULTA,A09.9,M001,500mg,Ninguna,00666f9f-8874-4dc8-9197-83c196dee644,301045,110.85,mg/dL
23016137-2,Maria Valentina Muñoz Fuentes,1997-12-08,F,CAPREDENA,c227adec-3370-4ddb-ab4b-5e30c1aa9174,2024-01-26 18:11:24,PROCEDIMIENTO,A09.9,M005,100mg,Ninguna,cecb0acd-8c65-4fbf-9834-a232a812650d,301045,96.54,U/L
12105048-0,Jorge Felipe Silva Contreras,1963-01-12,M,ISAPRE,a5d86296-eaea-4c51-af1e-5acb19c5fe72,2025-02-24 18:11:24,CONSULTA,ZZZ99,MED-FALSO,200mg,Ninguna,fecf6fcf-0e52-4913-b18e-627a1e79a763,302047,48.83,mmol/L
19470544-1,Antonia Camila Gonzalez Fuentes,1960-10-29,F,ISAPRE,b1c4e874-3417-43d7-afa8-e60b52f249b0,2026-04-01 18:11:24,HOSPITALIZACION,M54.5,M002,400mg,Ninguna,229b34ee-eb37-4d2b-ac18-adc86ee1eaf1,302047,104.71,U/L
7469744-5,Ana Antonia Diaz Sepulveda,1989-03-26,F,NINGUNA,655d7bb2-bbd3-4886-87ec-ffe7820c77aa,2026-01-24 18:11:24,HOSPITALIZACION,I10,M005,200mg,Ninguna,b3d4d070-27df-4598-96d7-2661f5d16a9a,302076,13.07,mmol/L
17269790-9,Juan Carlos Contreras Morales,1966-04-13,M,ISAPRE,a541f523-b1a7-4ca2-995f-80c4d313153c,2025-08-15 18:11:24,HOSPITALIZACION,A09.9,M002,500mg,Ninguna,9f478fe6-71f3-4ef1-8a7c-fdef27f48572,301045,48.92,mmol/L
10162133-2,Diego Andres Gonzalez Rodriguez,1986-02-24,M,CAPREDENA,fe7a0fdf-9eec-47d9-b00d-bad0c7c4aadc,2025-07-23 18:11:24,CONSULTA,K21.9,M004,200mg,Ninguna,a0900829-98ea-4e2e-a9b5-f7f5f5978b18,301045,127.57,U/L
18826033-0,Luis Diego Hernandez Perez,2015-09-02,M,DIPRECA,aa62f42f-c8c4-4f20-bcf4-51c5e57a923d,2023-10-06 18:11:24,URGENCIA,I10,M003,500mg,Ninguna,9ca44bf8-22dd-4c7e-b91f-ee19f6cbfcd8,302047,58.75,U/L
16195622-8,Josefa Maria Sepulveda Torres,1978-09-08,F,NINGUNA,fd39fd26-f1ce-43cc-8a48-62ad817837b9,2025-10-26 18:11:24,HOSPITALIZACION,A09.9,M003,200mg,Ninguna,328eab79-9e92-4a4c-87ac-6734a6890093,301001,70.32,mg/dL
14684016-7,Juan Roberto Rojas Tapia,1947-02-23,M,FONASA,6b144655-c911-4137-9ba5-5942de9a2c29,2023-12-15 18:11:24,PROCEDIMIENTO,I10,M003,300mg,Paracetamol,5f325c25-00d6-45a2-9370-72cbacaeeca0,301045,105.36,mmol/L
6173629-8,Roberto Diego Hernandez Contreras,2006-07-16,M,CAPREDENA,c3d74a39-9e0b-4e06-92ec-7648e5430654,2025-08-06 18:11:24,HOSPITALIZACION,K21.9,M002,400mg,Ninguna,5414dd8e-8ad1-461a-851f-5dd9bc5ac394,302076,39.05,mg/dL
18854356-1,Jorge Matias Muñoz Gonzalez,1950-12-07,M,NINGUNA,5b8451ed-719d-42dc-ba53-ad536f333f72,2023-12-24 18:11:24,CONSULTA,M54.5,M005,400mg,Ninguna,65078dc0-886e-4d68-b169-481c5d92c38b,301001,94.09,mg/dL
17338973-6,Gabriel Felipe Diaz Diaz,2005-05-08,M,CAPREDENA,49ed6bb4-2d61-4c3f-b1f8-cd3a88cee4bb,2025-02-09 18:11:24,PROCEDIMIENTO,M54.5,M005,400mg,Ninguna,04df2a56-bdec-4b9f-a65b-5bfb40c540f0,301045,109.78,U/L
11336082-8,Antonia Antonia Muñoz Rodriguez,1986-07-31,F,DIPRECA,265c7e44-d878-4962-9096-fd984738c0a8,2025-04-01 18:11:24,URGENCIA,K21.9,M003,500mg,Paracetamol,465b489a-2149-491d-a73d-1420e83941d9,302076,71.67,mmol/L
20305169-7,Matias Luis Tapia Fuentes,1987-06-11,M,FONASA,7d256c53-3bbb-46e4-bd77-3dd4d7e7f48f,2024-02-28 18:11:24,URGENCIA,I10,M001,400mg,Ninguna,88bc2255-a9b8-491c-93ef-b8cb0ba1c604,302076,72.62,U/L
13807551-6,Tomas Luis Soto Muñoz,1952-05-25,M,ISAPRE,f2eaf855-3ca9-414a-9426-8bcfcff173e9,2025-09-18 18:11:24,CONSULTA,J00,M004,400mg,Ninguna,0de3242c-b99e-4495-813f-86a616fab63f,302047,36.76,U/L
19882417-8,Felipe Felipe Hernandez Gonzalez,1992-07-22,M,NINGUNA,0c31c59d-0247-494f-a905-33472701cd2b,2024-05-17 18:11:24,CONSULTA,M54.5,M002,500mg,Ninguna,b24001e3-4d7a-49c5-a636-acfe5b114259,301001,36.19,U/L
21939551-5,Valentina Antonia Martinez Rojas,2019-02-22,F,ISAPRE,dfbb3167-95c2-4131-9efb-e85326742bfa,2025-12-27 18:11:24,PROCEDIMIENTO,E11.9,M003,400mg,Ibuprofeno,f9ab87b8-8867-45e5-b946-0129a77fbf0a,301001,85.49,mg/dL
12540538-0,Tomas Roberto Rodriguez Lopez,1991-06-13,M,DIPRECA,9cdf26ae-27f9-42e9-b8f7-4439218ebd34,2025-02-07 18:11:24,PROCEDIMIENTO,A09.9,M001,200mg,Ninguna,c28095d7-bba5-4209-9cac-87511c7dd796,301004,16.61,mmol/L
22982007-9,Fernanda Daniela Perez Silva,1992-09-09,F,FONASA,feceba3d-5130-40d5-aa6f-88de09a01d46,2026-02-07 18:11:24,PROCEDIMIENTO,J00,M002,500mg,Omeprazol,e6b46652-e006-4d0a-bb38-172711dd1d8e,301045,142.4,mg/dL
19708414-6,Jorge Pedro Contreras Sepulveda,1954-12-18,M,CAPREDENA,b66d0638-4224-432a-a9a9-ee72a675eef0,2025-10-15 18:11:24,PROCEDIMIENTO,E11.9,M002,500mg,Ninguna,6f4ce923-adbc-43c6-8055-35148c5af3a6,302047,28.34,mg/dL
12661032-7,Tomas Roberto Morales Gonzalez,1961-06-09,M,NINGUNA,0856b85d-fbc5-4642-b784-e8dbdf096ad2,2024-10-03 18:11:24,URGENCIA,I10,M002,100mg,Ninguna,6a057aee-91ea-4b89-bc80-d772a483b514,302047,89.18,mg/dL
18197969-0,Carlos Matias Rojas Gonzalez,1961-11-11,M,CAPREDENA,a305cd6f-97fb-438d-bf29-0ba5216abc13,2026-01-20 18:11:24,PROCEDIMIENTO,I10,M004,100mg,Ninguna,db13f9ea-74e0-4c41-8634-838371325782,301001,76.59,mmol/L
12784629-4,Sofia Maria Lopez Muñoz,2012-11-01,F,CAPREDENA,bda6392b-cb51-400c-b997-400338c68ee8,2024-08-07 18:11:24,HOSPITALIZACION,M54.5,M003,300mg,Ninguna,4dae6f56-8452-4160-8887-ea3c90c1a7d4,301001,132.12,U/L
21609705-0,Jorge Felipe Martinez Martinez,1955-07-14,M,NINGUNA,04a72892-5524-4430-bc82-884cd58387ff,2023-08-29 18:11:24,HOSPITALIZACION,I10,M004,400mg,Ninguna,ba64c08e-9ee7-40a4-9d1c-09991b5bdc05,302076,51.14,U/L
5744431-2,Pedro Juan Perez Lopez,1980-05-21,M,FONASA,9ce52c7a-096f-4dd1-87a7-d2eebf7499ca,2024-02-09 18:11:24,HOSPITALIZACION,I10,M001,100mg,Ninguna,fc982cd5-7efe-491f-91a4-6943a2376859,302076,113.4,U/L
12584989-0,Isidora Camila Morales Hernandez,1969-05-10,F,ISAPRE,96ac25e9-ede8-48ad-aba5-c4a62ee1561d,2024-08-29 18:11:24,PROCEDIMIENTO,M54.5,M003,300mg,Ibuprofeno,6df921be-c349-4de5-b929-85456064dd60,301004,82.84,U/L
5010719-1,Camila Sofia Silva Muñoz,1953-05-19,F,CAPREDENA,13238cc4-d6bf-4852-b179-440430415c62,2025-08-17 18:11:24,URGENCIA,K21.9,M005,300mg,Ibuprofeno,7a79842a-f046-4cca-bdbc-87b03a4be508,301001,68.61,mmol/L
10665760-2,Camila Josefa Hernandez Diaz,1988-10-30,F,DIPRECA,5170fa77-f146-4664-a7fc-9c562eee6b28,2026-02-10 18:11:24,URGENCIA,J00,M001,400mg,Ninguna,adce5d92-5670-449e-a979-0b35f1fcf424,301001,140.05,mg/dL
23950181-8,Matias Felipe Contreras Torres,1951-09-05,M,CAPREDENA,e13d42f2-69c2-4db4-bed4-bb1ff6a455b4,2025-07-20 18:11:24,CONSULTA,I10,M005,500mg,Paracetamol,b16c7c0f-9463-4d77-9efe-7013ff5be335,301001,5.44,mmol/L
23239147-2,Isidora Isidora Silva Morales,1993-02-25,F,ISAPRE,518ef608-8780-4790-8ad1-8258de3aa0ac,2025-10-18 18:11:24,CONSULTA,M54.5,M003,500mg,Ninguna,1dd04bae-b6ec-4445-a985-d00010d72d64,302047,22.57,U/L
8695963-1,Fernanda Valentina Soto Contreras,2003-02-15,F,NINGUNA,a63d300c-025c-4cad-8d00-7866581a9779,2025-01-19 18:11:24,URGENCIA,J00,M002,500mg,Ninguna,54f3b9fd-ffcd-42ef-8cde-33c6156f598f,302047,47.79,mg/dL
12234739-7,Pedro Carlos Rodriguez Silva,1963-05-11,M,CAPREDENA,3f7c00a9-300d-4c80-a8f8-d29632b8ea57,2024-02-01 18:11:24,HOSPITALIZACION,J00,M003,400mg,Ninguna,72c3c17d-c607-4e16-b230-ac4f27dffd15,301045,18.01,mg/dL
7392699-8,Camila Fernanda Lopez Sepulveda,1951-06-13,F,ISAPRE,a1db2dd5-82b0-4b26-906b-25b02913d0a8,2025-10-25 18:11:24,CONSULTA,A09.9,M002,400mg,Ninguna,2823c318-fee2-49fb-a464-ff98e054b39b,302076,103.71,mmol/L
7966946-6,Sofia Camila Martinez Perez,1947-03-18,F,ISAPRE,15ce5107-9733-4f45-8d80-fab6a968de9d,2024-01-03 18:11:24,HOSPITALIZACION,J00,M005,100mg,Ninguna,0c5787f1-6127-4dba-b5a0-ce4149feda92,302076,113.13,mg/dL
15518069-2,Josefa Antonia Tapia Rojas,1966-08-02,F,CAPREDENA,e788fd5c-ef84-4ff8-8986-201d52188726,2023-12-30 18:11:24,URGENCIA,M54.5,M002,100mg,Ninguna,f985303c-d4fc-4bbc-ab4f-aa6dc888ed71,301001,77.36,U/L
7817964-3,Javiera Fernanda Perez Martinez,1992-02-18,F,CAPREDENA,5204cf32-1c2d-46fe-a593-8afba1e23f96,2024-10-04 18:11:24,HOSPITALIZACION,K21.9,M004,300mg,Ninguna,15187245-0e7b-4812-941a-e72727611d7b,302047,18.48,mmol/L
22398049-0,Antonia Javiera Martinez Morales,1960-05-10,F,ISAPRE,02738e5e-e96b-4c23-9aa6-c5ace795813b,2025-10-24 18:11:24,URGENCIA,I10,M003,100mg,Ninguna,79bf516b-d3b0-4aad-b0ca-20b499722ae8,301004,32.44,U/L
23461865-2,Felipe Roberto Morales Fuentes,1959-06-11,M,FONASA,ca04c1fa-129f-4666-9e50-718f42a3fe09,2023-09-04 18:11:24,PROCEDIMIENTO,K21.9,M001,400mg,Ninguna,38a0059e-f9f3-4587-b81c-d1dba8da3a19,301045,14.39,mmol/L
9026918-6,Tomas Andres Martinez Morales,1952-12-06,M,DIPRECA,6ee1bdb1-1454-4cc3-94b3-f700524256f7,2024-05-14 18:11:24,HOSPITALIZACION,J00,M005,500mg,Ninguna,3c187d75-b770-478e-94d1-1ef5be3fe3e2,301004,101.09,U/L
9214767-3,Ana Sofia Martinez Sepulveda,1989-11-12,F,DIPRECA,bf3612d6-6f25-4638-a1bf-8304bcb31487,2025-09-18 18:11:24,CONSULTA,E11.9,M001,100mg,Ninguna,9cb52090-2054-4950-93eb-12b5d8e6bfb5,301045,48.21,U/L
11807950-7,Fernanda Isidora Muñoz Soto,1949-01-06,F,CAPREDENA,76fdb906-89d0-44b7-85e0-090335a74a50,2026-03-30 18:11:24,CONSULTA,M54.5,M005,400mg,Ninguna,b387828f-67fc-446e-9bfd-b60fd2cd27d9,302076,58.44,mg/dL
9995620-8,Andres Luis Fuentes Contreras,1946-10-11,M,CAPREDENA,151257d4-a4da-4af5-a04e-39cd667924a2,2025-01-16 18:11:24,PROCEDIMIENTO,E11.9,M003,200mg,Ninguna,c907ae95-e80b-483e-931e-3f53ab980c15,301004,13.09,mg/dL
7139118-3,Tomas Andres Perez Diaz,1951-09-16,M,DIPRECA,1602b7cf-5dae-495f-80a7-deaeea3297f6,2024-02-09 18:11:24,PROCEDIMIENTO,I10,M003,200mg,Ninguna,d9170f90-0c69-41cb-a310-7ef3e620e045,302076,147.85,mmol/L
18028704-3,Ana Valentina Torres Rodriguez,1988-06-10,F,NINGUNA,3ef9077d-8454-4352-95c6-405649d13793,2023-10-23 18:11:24,URGENCIA,J00,M002,200mg,Ninguna,27b06518-a9aa-4d27-812e-99f4f9c41732,301001,30.1,mmol/L
17467320-9,Felipe Andres Perez Gonzalez,2015-02-01,M,FONASA,d3eef439-803b-47cb-a9cb-832dba399ff7,2025-12-25 18:11:24,HOSPITALIZACION,K21.9,M002,200mg,Ninguna,9d3444dc-ad4d-4ba8-903c-9b7b11ae6a47,302076,78.15,mg/dL
7362687-0,Fernanda Isidora Sepulveda Rojas,1972-02-01,F,FONASA,bd989dab-ed01-4fc0-82ce-920b9de27452,2024-04-09 18:11:24,CONSULTA,K21.9,M003,100mg,Omeprazol,6b01eb0a-b3c3-45e3-b014-1a6ba2852d0c,302076,29.4,U/L
5352052-9,Gabriel Roberto Fuentes Rojas,1979-09-12,M,ISAPRE,4cb639fb-93ac-448a-850b-0a7d261a49e1,2023-09-12 18:11:24,CONSULTA,K21.9,M004,400mg,Ninguna,ce5da5fb-be33-44a4-82bd-df361507ea1b,302047,103.42,mg/dL
6551789-2,Diego Pedro Silva Contreras,1984-11-28,M,ISAPRE,fae50b81-fc8b-4290-af88-64af3a60bf2a,2024-02-17 18:11:24,URGENCIA,A09.9,M002,100mg,Ninguna,15549226-2df3-484e-a4fb-ea7a6391d2ee,302047,87.34,mg/dL
13879237-4,Diego Roberto Silva Soto,1976-06-02,M,ISAPRE,8cc0a8b3-4d01-4033-ab6e-73c2d63a804c,2026-02-23 18:11:24,URGENCIA,K21.9,M003,500mg,Ninguna,99993169-5020-4b60-a4b2-22b838dece7d,302047,138.74,mmol/L
6539147-3,Valentina Josefa Rojas Rodriguez,1997-05-31,F,FONASA,cc5150f3-4c3d-4c35-93fb-cc658bace642,2024-06-02 18:11:24,CONSULTA,K21.9,M003,400mg,Ninguna,882d5baa-d5e0-414d-9da5-47629e4d858a,301001,58.35,mg/dL
19825367-7,Carlos Tomas Rojas Fuentes,1984-11-21,M,NINGUNA,451c3855-cc6f-49bb-9174-4604c67907cb,2025-09-25 18:11:24,URGENCIA,M54.5,M001,300mg,Ninguna,31f37add-9dd0-4910-b8b6-beeab6be03bb,302047,135.47,U/L
